Table Name : match_events;;;;;
Column;Type;_is_key;Type_key;comments;source
event_id;int;yes ;PK;;mominullptr
match_id;int;yes ;FK;reference matches;mominullptr
minute;string;;;;mominullptr
event_type;string;;;;mominullptr
team_id;int;yes ;FK;reference teams;mominullptr
player_id;int;yes ;FK;reference players;mominullptr
_rescued_data;string;;;technical column;dlt
_source_file;string;;;technical column;dlt
_ingested_at;timestamp;;;technical column;dlt
_file_size_MB;int;;;technical column;dlt
_source_repo;string;;;technical column;dlt
;;;;;
;;;;;
Table Name : match_lineups;;;;;
Column;Type;_is_key;Type_key;comments;source
lineup_id;int;yes ;PK;;mominullptr
match_id;int;yes ;FK;reference matches;mominullptr
player_id;int;yes ;FK;reference players;mominullptr
team_id;int;yes ;FK;reference teams;mominullptr
is_starting_xi;int;;;;mominullptr
tactical_position;string;;;;mominullptr
minutes_played;int;;;;mominullptr
_rescued_data;string;;;technical column;dlt
_source_file;string;;;technical column;dlt
_ingested_at;timestamp;;;technical column;dlt
_file_size_MB;int;;;technical column;dlt
_source_repo;string;;;technical column;dlt
;;;;;
;;;;;
Table Name : match_lineups;;;;;
Column;Type;_is_key;Type_key;comments;source
match_id;int;yes ;PK;;mominullptr
date;date;;;;mominullptr
kickoff_time_utc;timestamp;;;;mominullptr
stage_id;int;yes ;FK;reference tournament_stages;mominullptr
is_knockout;int;;;;mominullptr
home_team_id;int;yes;FK;reference teams;mominullptr
home_team_name;string;;;;mominullptr
home_fifa_code;string;;;;mominullptr
home_confederation;string;;;;mominullptr
away_team_id;int;yes ;FK;reference teams;mominullptr
away_team_name;string;;;;mominullptr
away_fifa_code;string;;;;mominullptr
away_confederation;string;;;;mominullptr
venue_id;int;yes ;FK;reference venues;mominullptr
stadium_name;string;;;;mominullptr
venue_city;string;;;;mominullptr
venue_country;string;;;;mominullptr
venue_capacity;int;;;;mominullptr
venue_elevation_meters;double;;;;mominullptr
referee_id;int;yes ;FK;reference referees;mominullptr
referee_name;string;;;;mominullptr
referee_avg_cards;double;;;;mominullptr
home_fifa_rank;int;;;;mominullptr
away_fifa_rank;int;;;;mominullptr
home_elo;double;;;;mominullptr
away_elo;double;;;;mominullptr
home_is_host;int;;;;mominullptr
away_is_host;int;;;;mominullptr
home_squad_avg_age;double;;;;mominullptr
away_squad_avg_age;double;;;;mominullptr
home_squad_total_caps;int;;;;mominullptr
away_squad_total_caps;int;;;;mominullptr
home_squad_total_value_eur;double;;;;mominullptr
away_squad_total_value_eur;double;;;;mominullptr
home_squad_avg_value_eur;double;;;;mominullptr
away_squad_avg_value_eur;double;;;;mominullptr
home_rest_days;double;;;;mominullptr
away_rest_days;double;;;;mominullptr
home_prev_avg_goals_scored;double;;;;mominullptr
home_prev_avg_goals_conceded;double;;;;mominullptr
away_prev_avg_goals_scored;double;;;;mominullptr
away_prev_avg_goals_conceded;double;;;;mominullptr
home_prev_avg_possession;double;;;;mominullptr
away_prev_avg_possession;double;;;;mominullptr
home_prev_avg_shots;double;;;;mominullptr
away_prev_avg_shots;double;;;;mominullptr
home_prev_avg_shots_on_target;double;;;;mominullptr
away_prev_avg_shots_on_target;double;;;;mominullptr
home_prev_avg_saves;double;;;;mominullptr
away_prev_avg_saves;double;;;;mominullptr
home_prev_avg_corners;double;;;;mominullptr
away_prev_avg_corners;double;;;;mominullptr
home_prev_avg_fouls;double;;;;mominullptr
away_prev_avg_fouls;double;;;;mominullptr
home_prev_avg_offsides;double;;;;mominullptr
away_prev_avg_offsides;double;;;;mominullptr
home_prev_avg_xg_scored;double;;;;mominullptr
home_prev_avg_xg_conceded;double;;;;mominullptr
away_prev_avg_xg_scored;double;;;;mominullptr
away_prev_avg_xg_conceded;double;;;;mominullptr
home_score;int;;;;mominullptr
away_score;int;;;;mominullptr
result_type;string;;;;mominullptr
home_xg;double;;;;mominullptr
away_xg;double;;;;mominullptr
match_result;string;;;;mominullptr
_rescued_data;string;;;technical column;dlt
_source_file;string;;;technical column;dlt
_ingested_at;timestamp;;;technical column;dlt
_file_size_MB;int;;;technical column;dlt
_source_repo;string;;;technical column;dlt
;;;;;
;;;;;
Table Name : match_team_stats;;;;;
Column;Type;_is_key;Type_key;comments;source
match_id;int;yes ;FK;reference matches;mominullptr
team_id;int;yes ;FK;reference teams;mominullptr
possession_pct;int;;;;mominullptr
total_shots;int;;;;mominullptr
shots_on_target;int;;;;mominullptr
corners;int;;;;mominullptr
fouls;int;;;;mominullptr
offsides;int;;;;mominullptr
saves;int;;;;mominullptr
player_of_the_match;string;;;;mominullptr
data_source;string;;;;mominullptr
last_updated;date;;;;mominullptr
_rescued_data;string;;;technical column;dlt
_source_file;string;;;technical column;dlt
_ingested_at;timestamp;;;technical column;dlt
_file_size_MB;int;;;technical column;dlt
_source_repo;string;;;technical column;dlt
;;;;;
;;;;;
Table Name : matches;;;;;
Column;Type;_is_key;Type_key;comments;source
match_id;int;yes ;FK;reference matches;mominullptr
date;date;yes ;FK;reference teams;mominullptr
kickoff_time_utc;timestamp;;;;mominullptr
stage_id;int;yes ;FK;reference tournament_stages;mominullptr
venue_id;int;yes ;FK;reference venues;mominullptr
home_team_id;int;yes ;FK;reference teams;mominullptr
away_team_id;int;yes;FK;reference teams;mominullptr
home_score;int;;;;mominullptr
away_score;int;;;;mominullptr
home_penalty_score;int;;;;mominullptr
away_penalty_score;int;;;;mominullptr
status;string;;;;mominullptr
result_type;string;;;;mominullptr
home_xg;double;;;;mominullptr
away_xg;double;;;;mominullptr
referee_id;int;yes ;FK;reference referees;mominullptr
player_of_the_match_id;int;;;;mominullptr
_rescued_data;string;;;technical column;dlt
_source_file;string;;;technical column;dlt
_ingested_at;timestamp;;;technical column;dlt
_file_size_MB;int;;;technical column;dlt
_source_repo;string;;;technical column;dlt
;;;;;
;;;;;
Table Name : matches_detailed;;;;;
Column;Type;_is_key;Type_key;comments;source
match_id;int;yes ;PK;;mominullptr
date;date;;;;mominullptr
kickoff_time_utc;timestamp;;;;mominullptr
stage_name;string;;;;mominullptr
stadium_name;string;;;;mominullptr
city;string;;;;mominullptr
country;string;;;;mominullptr
home_team_name;string;;;;mominullptr
home_fifa_code;string;;;;mominullptr
away_team_name;string;;;;mominullptr
away_fifa_code;string;;;;mominullptr
home_score;int;;;;mominullptr
away_score;int;;;;mominullptr
home_penalty_score;int;;;;mominullptr
away_penalty_score;int;;;;mominullptr
status;string;;;;mominullptr
result_type;string;;;;mominullptr
home_xg;double;;;;mominullptr
away_xg;double;;;;mominullptr
home_goalkeeper;string;;;;mominullptr
away_goalkeeper;string;;;;mominullptr
player_of_the_match_name;string;;;;mominullptr
referee_name;string;;;;mominullptr
_rescued_data;string;;;technical column;dlt
_source_file;string;;;technical column;dlt
_ingested_at;timestamp;;;technical column;dlt
_file_size_MB;int;;;technical column;dlt
_source_repo;string;;;technical column;dlt
;;;;;
;;;;;
Table Name : player_stats;;;;;
Column;Type;_is_key;Type_key;comments;source
player_id;int;yes ;PK;;mominullptr
player_name;string;;;;mominullptr
team_id;int;yes ;FK;reference teams;mominullptr
position;string;;;;mominullptr
matches_played;int;;;;mominullptr
matches_started;int;;;;mominullptr
minutes_played;int;;;;mominullptr
goals;int;;;;mominullptr
assists;int;;;;mominullptr
shots;string;;;;mominullptr
shots_on_target;string;;;;mominullptr
yellow_cards;int;;;;mominullptr
red_cards;int;;;;mominullptr
penalty_goals;int;;;;mominullptr
own_goals;int;;;;mominullptr
clean_sheets;int;;;;mominullptr
saves;int;;;;mominullptr
goals_conceded;int;;;;mominullptr
average_rating;string;;;;mominullptr
data_source;string;;;;mominullptr
last_verified;date;;;;mominullptr
_rescued_data;string;;;technical column;dlt
_source_file;string;;;technical column;dlt
_ingested_at;timestamp;;;technical column;dlt
_file_size_MB;int;;;technical column;dlt
_source_repo;string;;;technical column;dlt
;;;;;
;;;;;
Table Name : referees;;;;;
Column;Type;_is_key;Type_key;comments;source
referee_id;int;yes ;PK;;mominullptr
name;string;;;;mominullptr
country;string;;;;mominullptr
avg_cards_per_game;double;;;;mominullptr
_rescued_data;string;;;technical column;dlt
_source_file;string;;;technical column;dlt
_ingested_at;timestamp;;;technical column;dlt
_file_size_MB;int;;;technical column;dlt
_source_repo;string;;;technical column;dlt
;;;;;
;;;;;
Table Name : squads_and_players;;;;;
Column;Type;_is_key;Type_key;comments;source
player_id;int;yes ;FK;reference player_stats;mominullptr
team_id;int;yes;FK;reference teams;mominullptr
player_name;string;;;;mominullptr
position;string;;;;mominullptr
club_team;string;;;;mominullptr
market_value_eur;int;;;;mominullptr
caps;int;;;;mominullptr
date_of_birth;date;;;;mominullptr
height_cm;int;;;;mominullptr
goals;int;;;;mominullptr
_rescued_data;string;;;technical column;dlt
_source_file;string;;;technical column;dlt
_ingested_at;timestamp;;;technical column;dlt
_file_size_MB;int;;;technical column;dlt
_source_repo;string;;;technical column;dlt
;;;;;
;;;;;
Table Name : teams;;;;;
Column;Type;_is_key;Type_key;comments;source
team_id;int;yes ;PK;;mominullptr
team_name;string;;;;mominullptr
fifa_code;string;;;;mominullptr
group_letter;string;;;;mominullptr
confederation;string;;;;mominullptr
fifa_ranking_pre_tournament;int;;;;mominullptr
elo_rating;int;;;;mominullptr
manager_name;string;;;;mominullptr
_rescued_data;string;;;technical column;dlt
_source_file;string;;;technical column;dlt
_ingested_at;timestamp;;;technical column;dlt
_file_size_MB;int;;;technical column;dlt
_source_repo;string;;;technical column;dlt
;;;;;
;;;;;
Table Name : referees;;;;;
Column;Type;_is_key;Type_key;comments;source
stage_id;int;yes ;PK;;mominullptr
stage_name;string;;;;mominullptr
is_knockout;boolean;;;;mominullptr
_rescued_data;string;;;technical column;dlt
_source_file;string;;;technical column;dlt
_ingested_at;timestamp;;;technical column;dlt
_file_size_MB;int;;;technical column;dlt
_source_repo;string;;;technical column;dlt
;;;;;
;;;;;
Table Name : venues;;;;;
Column;Type;_is_key;Type_key;comments;source
venue_id;int;yes ;PK;;mominullptr
stadium_name;string;;;;mominullptr
city;string;;;;mominullptr
country;string;;;;mominullptr
capacity;int;;;;mominullptr
latitude;double;;;;mominullptr
longitude;double;;;;mominullptr
elevation_meters;int;;;;mominullptr
_rescued_data;string;;;technical column;dlt
_source_file;string;;;technical column;dlt
_ingested_at;timestamp;;;technical column;dlt
_file_size_MB;int;;;technical column;dlt
_source_repo;string;;;technical column;dlt
